Item_Identifier 	Outlet_Identifier 	Item_Outlet_Sales
FDW58 	OUT049 	
FDW14 	OUT017 	
NCN55 	OUT010 	
FDQ58 	OUT017 	
FDY38 	OUT027 	
FDH56 	OUT046 	
FDL48 	OUT018 	
FDC48 	OUT027 	
FDN33 	OUT045 	
FDA36 	OUT017 	
FDT44 	OUT017 	
FDQ56 	OUT045 	
NCC54 	OUT019 	
FDU11 	OUT049 	
DRL59 	OUT013 	
FDM24 	OUT049 	
FDI57 	OUT045 	
DRC12 	OUT018 	
NCM42 	OUT027 	
FDA46 	OUT010 	
FDA31 	OUT013 	
NCJ31 	OUT035 	
FDG52 	OUT046 	
NCL19 	OUT019 	
FDS10 	OUT035 	
FDX22 	OUT010 	
NCF19 	OUT035 	
NCE06 	OUT046 	
DRC27 	OUT046 	
FDE21 	OUT035 	
NCR42 	OUT019 	
FDX51 	OUT018 	
NCR06 	OUT018 	
FDU31 	OUT027 	
FDU59 	OUT017 	
FDR03 	OUT027 	
FDS49 	OUT027 	
FDD48 	OUT010 	
NCF18 	OUT017 	
NCD43 	OUT027 	
NCD54 	OUT018 	
FDY19 	OUT010 	
NCY54 	OUT017 	
NCL19 	OUT018 	
FDP23 	OUT010 	
FDC26 	OUT013 	
FDR14 	OUT010 	
NCS41 	OUT035 	
FDF41 	OUT035 	
FDU34 	OUT046 	
DRH11 	OUT046 	
FDM03 	OUT013 	
FDS31 	OUT017 	
FDJ20 	OUT017 	
FDV44 	OUT027 	
FDG02 	OUT049 	
FDA09 	OUT013 	
FDT04 	OUT013 	
FDL58 	OUT019 	
FDE52 	OUT045 	
FDW12 	OUT035 	
FDL51 	OUT017 	
NCY42 	OUT027 	
FDR07 	OUT017 	
FDN40 	OUT045 	
FDB35 	OUT027 	
FDA22 	OUT017 	
NCL06 	OUT046 	
FDI35 	OUT013 	
NCW42 	OUT045 	
NCX06 	OUT049 	
FDC37 	OUT027 	
FDZ14 	OUT018 	
DRG49 	OUT049 	
NCG06 	OUT045 	
DRC36 	OUT045 	
FDV21 	OUT019 	
FDB53 	OUT046 	
DRP47 	OUT019 	
FDA14 	OUT013 	
DRC24 	OUT035 	
FDW21 	OUT018 	
NCH29 	OUT046 	
FDU58 	OUT013 	
FDY27 	OUT017 	
FDV56 	OUT035 	
FDT59 	OUT046 	
FDB23 	OUT046 	
FDR49 	OUT045 	
FDB03 	OUT010 	
FDN39 	OUT045 	
FDX02 	OUT027 	
FDQ16 	OUT027 	
FDU35 	OUT018 	
NCT29 	OUT013 	
FDZ27 	OUT046 	
FDN57 	OUT017 	
FDA03 	OUT018 	
FDZ36 	OUT045 	
NCU05 	OUT013 	
FDT39 	OUT018 	
FDK60 	OUT017 	
FDZ25 	OUT017 	
FDG12 	OUT046 	
DRB01 	OUT019 	
NCC43 	OUT027 	
FDX13 	OUT019 	
FDM22 	OUT049 	
FDJ03 	OUT027 	
FDU14 	OUT018 	
FDB33 	OUT010 	
FDP27 	OUT046 	
FDO38 	OUT010 	
FDE28 	OUT027 	
FDO27 	OUT035 	
DRL23 	OUT027 	
FDS28 	OUT046 	
FDX24 	OUT013 	
FDZ02 	OUT035 	
FDL46 	OUT045 	
FDS60 	OUT027 	
NCO06 	OUT017 	
FDO16 	OUT035 	
FDC60 	OUT049 	
FDA48 	OUT018 	
FDZ36 	OUT027 	
FDK27 	OUT045 	
FDW23 	OUT018 	
FDM14 	OUT018 	
FDM14 	OUT013 	
FDW60 	OUT018 	
FDE21 	OUT013 	
NCM42 	OUT035 	
FDY59 	OUT010 	
DRI49 	OUT049 	
FDT28 	OUT019 	
FDQ22 	OUT018 	
FDR60 	OUT049 	
FDC50 	OUT019 	
FDV24 	OUT013 	
DRF48 	OUT010 	
FDQ47 	OUT046 	
DRN36 	OUT049 	
NCY06 	OUT035 	
FDE52 	OUT035 	
NCB54 	OUT045 	
NCF31 	OUT035 	
FDJ08 	OUT027 	
NCC07 	OUT017 	
NCD19 	OUT027 	
FDL46 	OUT049 	
FDM20 	OUT045 	
NCI06 	OUT010 	
DRM11 	OUT035 	
NCH07 	OUT018 	
FDS23 	OUT013 	
FDO49 	OUT018 	
FDS35 	OUT049 	
DRK39 	OUT045 	
DRI39 	OUT049 	
FDV04 	OUT017 	
NCN14 	OUT035 	
FDH08 	OUT013 	
FDS20 	OUT046 	
FDV40 	OUT049 	
FDZ48 	OUT010 	
FDS24 	OUT027 	
FDK44 	OUT049 	
FDS48 	OUT045 	
FDK26 	OUT010 	
FDD23 	OUT045 	
NCH54 	OUT017 	
NCP14 	OUT010 	
FDM60 	OUT010 	
FDV24 	OUT017 	
FDH08 	OUT018 	
FDS12 	OUT027 	
FDR39 	OUT027 	
FDP12 	OUT027 	
DRF60 	OUT027 	
FDC09 	OUT035 	
FDF50 	OUT018 	
FDG28 	OUT035 	
NCE19 	OUT017 	
NCM53 	OUT010 	
NCN18 	OUT049 	
FDF32 	OUT035 	
FDF11 	OUT013 	
DRI59 	OUT049 	
NCG54 	OUT035 	
FDM44 	OUT046 	
FDT57 	OUT018 	
FDV24 	OUT046 	
FDI50 	OUT019 	
FDS09 	OUT035 	
NCC31 	OUT027 	
FDQ07 	OUT019 	
FDC22 	OUT017 	
FDZ56 	OUT046 	
FDZ40 	OUT019 	
FDS46 	OUT027 	
DRD24 	OUT045 	
FDV45 	OUT017 	
FDL26 	OUT045 	
FDA56 	OUT018 	
FDN27 	OUT046 	
FDM20 	OUT049 	
FDO16 	OUT017 	
FDL03 	OUT035 	
FDE58 	OUT046 	
FDI02 	OUT027 	
NCC55 	OUT019 	
FDR03 	OUT018 	
FDB14 	OUT017 	
FDR45 	OUT013 	
NCN07 	OUT017 	
FDM51 	OUT019 	
FDT52 	OUT027 	
FDL26 	OUT046 	
NCZ42 	OUT046 	
DRI47 	OUT019 	
FDW40 	OUT013 	
FDN34 	OUT046 	
FDS01 	OUT035 	
NCG55 	OUT045 	
FDC11 	OUT035 	
FDX35 	OUT018 	
NCB06 	OUT046 	
FDR09 	OUT019 	
FDC53 	OUT017 	
FDY45 	OUT013 	
FDA22 	OUT010 	
FDE02 	OUT035 	
FDW21 	OUT045 	
FDV34 	OUT046 	
FDS59 	OUT049 	
NCW17 	OUT017 	
NCK54 	OUT046 	
FDG17 	OUT019 	
FDG35 	OUT017 	
FDD08 	OUT010 	
NCO07 	OUT017 	
FDJ10 	OUT010 	
FDW36 	OUT017 	
FDW21 	OUT010 	
FDY19 	OUT017 	
DRE03 	OUT013 	
NCC55 	OUT049 	
FDH52 	OUT010 	
FDO09 	OUT017 	
FDU43 	OUT045 	
FDX09 	OUT010 	
FDH40 	OUT019 	
FDW58 	OUT017 	
FDC47 	OUT017 	
NCR41 	OUT035 	
DRG49 	OUT035 	
FDC52 	OUT027 	
FDY13 	OUT046 	
FDY35 	OUT013 	
FDI35 	OUT017 	
NCU18 	OUT049 	
FDY33 	OUT018 	
FDC15 	OUT027 	
FDU01 	OUT049 	
NCU42 	OUT046 	
NCV29 	OUT018 	
NCY30 	OUT017 	
FDQ46 	OUT049 	
FDG58 	OUT027 	
FDK33 	OUT017 	
NCD07 	OUT045 	
NCX29 	OUT027 	
NCT42 	OUT013 	
DRN59 	OUT035 	
FDI44 	OUT035 	
FDA45 	OUT049 	
FDP31 	OUT045 	
FDY01 	OUT046 	
FDT09 	OUT018 	
DRH03 	OUT027 	
FDA36 	OUT018 	
NCF31 	OUT017 	
FDG14 	OUT049 	
FDG28 	OUT027 	
FDU14 	OUT049 	
FDY47 	OUT019 	
FDI56 	OUT049 	
DRD01 	OUT013 	
FDM22 	OUT046 	
FDH33 	OUT013 	
DRZ24 	OUT013 	
NCQ38 	OUT046 	
FDO16 	OUT027 	
FDU07 	OUT027 	
NCB07 	OUT013 	
FDU48 	OUT045 	
NCM43 	OUT045 	
FDR31 	OUT010 	
DRK49 	OUT018 	
NCI30 	OUT010 	
DRD60 	OUT017 	
NCG19 	OUT046 	
FDH12 	OUT035 	
FDM32 	OUT035 	
FDM27 	OUT035 	
NCU53 	OUT027 	
NCQ18 	OUT046 	
FDS10 	OUT013 	
FDB33 	OUT027 	
FDI12 	OUT013 	
NCW42 	OUT013 	
NCC06 	OUT018 	
FDW02 	OUT017 	
NCD43 	OUT017 	
FDM57 	OUT018 	
FDA58 	OUT017 	
FDK56 	OUT046 	
FDP52 	OUT045 	
FDW20 	OUT018 	
FDS52 	OUT049 	
NCT29 	OUT018 	
NCL54 	OUT013 	
FDC05 	OUT045 	
FDF34 	OUT035 	
FDP03 	OUT027 	
FDD32 	OUT010 	
FDZ10 	OUT045 	
FDZ40 	OUT035 	
FDD51 	OUT018 	
NCY30 	OUT019 	
FDP58 	OUT017 	
FDV49 	OUT017 	
FDY24 	OUT019 	
NCO55 	OUT017 	
FDR13 	OUT017 	
FDS51 	OUT017 	
FDP26 	OUT045 	
NCB54 	OUT027 	
FDF32 	OUT017 	
FDN31 	OUT018 	
DRM48 	OUT017 	
FDN20 	OUT049 	
DRL01 	OUT046 	
FDV56 	OUT049 	
DRH13 	OUT027 	
FDA03 	OUT017 	
FDF47 	OUT027 	
FDX32 	OUT046 	
FDX57 	OUT049 	
NCA30 	OUT045 	
FDO49 	OUT013 	
FDL04 	OUT019 	
DRM48 	OUT035 	
FDR16 	OUT013 	
NCC19 	OUT018 	
NCE42 	OUT045 	
FDY24 	OUT017 	
FDH19 	OUT049 	
FDJ46 	OUT013 	
FDN45 	OUT010 	
FDY08 	OUT035 	
FDZ37 	OUT035 	
NCT30 	OUT045 	
DRY23 	OUT018 	
NCZ30 	OUT018 	
FDC44 	OUT018 	
FDB45 	OUT035 	
FDY04 	OUT013 	
FDM27 	OUT046 	
FDZ43 	OUT017 	
FDT39 	OUT019 	
NCC06 	OUT019 	
FDL15 	OUT027 	
FDL57 	OUT017 	
FDU08 	OUT046 	
FDK40 	OUT017 	
FDQ12 	OUT010 	
FDS48 	OUT017 	
FDP09 	OUT045 	
FDW21 	OUT049 	
FDY25 	OUT035 	
DRE13 	OUT017 	
FDV43 	OUT019 	
FDD22 	OUT045 	
FDM46 	OUT019 	
NCO30 	OUT010 	
FDM25 	OUT046 	
NCN41 	OUT049 	
FDU24 	OUT045 	
FDZ50 	OUT046 	
FDP45 	OUT013 	
NCM54 	OUT045 	
FDW10 	OUT019 	
FDP20 	OUT017 	
FDK32 	OUT046 	
FDN52 	OUT049 	
FDM58 	OUT045 	
FDZ46 	OUT027 	
NCA18 	OUT018 	
FDD35 	OUT046 	
NCK31 	OUT035 	
FDI40 	OUT027 	
FDT50 	OUT019 	
NCT06 	OUT046 	
FDT31 	OUT035 	
FDT45 	OUT049 	
FDT13 	OUT045 	
FDO50 	OUT045 	
NCU18 	OUT010 	
NCR54 	OUT049 	
NCO18 	OUT018 	
FDU09 	OUT045 	
FDT13 	OUT018 	
FDE09 	OUT046 	
NCK53 	OUT019 	
FDG45 	OUT049 	
DRH15 	OUT035 	
FDO21 	OUT019 	
FDD14 	OUT027 	
FDC09 	OUT046 	
FDH45 	OUT027 	
FDV32 	OUT046 	
FDG12 	OUT035 	
FDS32 	OUT013 	
NCL55 	OUT018 	
DRE01 	OUT035 	
DRE15 	OUT049 	
NCL42 	OUT045 	
FDP31 	OUT013 	
FDN33 	OUT018 	
FDZ59 	OUT046 	
FDE45 	OUT010 	
FDJ07 	OUT013 	
FDQ45 	OUT018 	
FDM33 	OUT027 	
FDO15 	OUT010 	
FDM46 	OUT013 	
FDR03 	OUT045 	
FDY49 	OUT018 	
FDQ60 	OUT045 	
FDW10 	OUT049 	
FDO51 	OUT049 	
FDJ40 	OUT018 	
FDS20 	OUT018 	
FDU45 	OUT013 	
FDV02 	OUT035 	
FDN09 	OUT046 	
NCM55 	OUT027 	
FDN23 	OUT018 	
FDY31 	OUT010 	
FDW03 	OUT010 	
FDD14 	OUT046 	
FDV23 	OUT017 	
DRI03 	OUT045 	
FDN13 	OUT035 	
FDF45 	OUT027 	
FDU46 	OUT035 	
FDB57 	OUT049 	
FDV12 	OUT049 	
FDQ58 	OUT013 	
NCA18 	OUT017 	
FDH52 	OUT049 	
FDM24 	OUT018 	
NCP43 	OUT027 	
NCO18 	OUT019 	
FDM32 	OUT017 	
NCL07 	OUT017 	
FDK03 	OUT013 	
FDP59 	OUT017 	
FDQ24 	OUT049 	
FDQ16 	OUT018 	
FDU44 	OUT013 	
FDH28 	OUT010 	
FDV28 	OUT019 	
FDM22 	OUT045 	
FDR56 	OUT046 	
FDV39 	OUT049 	
FDU37 	OUT019 	
FDQ11 	OUT010 	
FDX02 	OUT045 	
NCS42 	OUT018 	
FDY57 	OUT027 	
FDB21 	OUT049 	
FDE28 	OUT017 	
FDQ55 	OUT017 	
FDA48 	OUT049 	
FDZ19 	OUT045 	
NCC43 	OUT045 	
NCV18 	OUT046 	
NCA42 	OUT018 	
FDY45 	OUT046 	
NCC30 	OUT045 	
FDM57 	OUT013 	
FDL09 	OUT010 	
FDB09 	OUT027 	
FDT44 	OUT035 	
NCT06 	OUT027 	
FDX26 	OUT049 	
FDK32 	OUT013 	
DRA12 	OUT046 	
FDO46 	OUT010 	
FDE52 	OUT013 	
NCH42 	OUT045 	
FDV08 	OUT035 	
FDB47 	OUT018 	
FDC28 	OUT010 	
FDD22 	OUT046 	
FDS07 	OUT027 	
DRI13 	OUT045 	
FDG32 	OUT018 	
FDU14 	OUT017 	
FDD28 	OUT019 	
NCP41 	OUT017 	
FDS08 	OUT049 	
FDX47 	OUT045 	
FDC53 	OUT019 	
FDQ19 	OUT035 	
FDL14 	OUT045 	
FDM33 	OUT019 	
FDA51 	OUT045 	
FDZ27 	OUT018 	
FDT04 	OUT046 	
DRC13 	OUT049 	
FDR16 	OUT027 	
FDQ03 	OUT027 	
FDE38 	OUT035 	
DRH23 	OUT027 	
FDT11 	OUT019 	
FDD09 	OUT035 	
FDR40 	OUT045 	
FDX07 	OUT017 	
FDR07 	OUT035 	
FDA51 	OUT017 	
FDT59 	OUT019 	
FDF20 	OUT017 	
FDR13 	OUT045 	
FDY26 	OUT049 	
FDW04 	OUT017 	
FDK52 	OUT017 	
FDN60 	OUT049 	
FDM09 	OUT019 	
FDP46 	OUT049 	
FDB50 	OUT019 	
NCQ29 	OUT049 	
FDP16 	OUT027 	
FDX33 	OUT018 	
FDP07 	OUT010 	
FDN22 	OUT046 	
FDF39 	OUT049 	
FDS21 	OUT017 	
NCM42 	OUT013 	
FDK50 	OUT019 	
DRF13 	OUT027 	
FDH35 	OUT018 	
FDP60 	OUT018 	
DRJ49 	OUT027 	
NCT42 	OUT019 	
FDE38 	OUT049 	
FDI04 	OUT049 	
NCH54 	OUT045 	
FDT56 	OUT049 	
DRD15 	OUT018 	
FDV58 	OUT013 	
FDP21 	OUT049 	
FDH05 	OUT013 	
FDR10 	OUT027 	
NCP06 	OUT045 	
FDF33 	OUT049 	
DRK37 	OUT013 	
DRH49 	OUT045 	
FDT58 	OUT013 	
FDD41 	OUT018 	
FDP40 	OUT018 	
FDM51 	OUT027 	
FDO45 	OUT010 	
FDW33 	OUT010 	
FDY24 	OUT045 	
FDB10 	OUT010 	
FDM40 	OUT035 	
NCI06 	OUT017 	
FDW12 	OUT019 	
FDX48 	OUT027 	
NCW05 	OUT027 	
FDX27 	OUT017 	
DRM37 	OUT045 	
FDA38 	OUT045 	
FDR36 	OUT046 	
FDZ45 	OUT046 	
FDG05 	OUT017 	
FDK28 	OUT013 	
FDV47 	OUT045 	
FDN21 	OUT045 	
FDP20 	OUT027 	
FDI35 	OUT045 	
DRY23 	OUT013 	
FDA56 	OUT017 	
FDB09 	OUT013 	
NCO26 	OUT027 	
FDQ49 	OUT018 	
FDI52 	OUT027 	
FDZ44 	OUT027 	
FDZ09 	OUT018 	
FDY03 	OUT049 	
NCG42 	OUT017 	
DRI13 	OUT027 	
FDQ32 	OUT013 	
FDW16 	OUT035 	
FDU27 	OUT046 	
FDR28 	OUT010 	
FDQ49 	OUT010 	
FDS37 	OUT046 	
FDW26 	OUT018 	
FDX12 	OUT018 	
NCP06 	OUT013 	
FDW45 	OUT010 	
NCN30 	OUT049 	
FDN24 	OUT049 	
NCL41 	OUT027 	
FDR02 	OUT019 	
FDD09 	OUT010 	
FDS33 	OUT010 	
FDU22 	OUT045 	
FDI53 	OUT013 	
DRH01 	OUT049 	
FDX32 	OUT013 	
NCP30 	OUT018 	
FDB60 	OUT045 	
FDB14 	OUT049 	
NCP02 	OUT035 	
FDJ10 	OUT017 	
FDG34 	OUT046 	
NCB18 	OUT017 	
FDM16 	OUT049 	
FDW25 	OUT018 	
FDB35 	OUT010 	
DRN11 	OUT013 	
FDF41 	OUT019 	
FDH16 	OUT045 	
NCQ50 	OUT018 	
DRH23 	OUT018 	
DRJ37 	OUT013 	
DRJ24 	OUT027 	
FDY16 	OUT035 	
FDQ27 	OUT045 	
FDZ33 	OUT045 	
FDF29 	OUT045 	
FDA08 	OUT049 	
FDG31 	OUT046 	
FDE34 	OUT019 	
NCR30 	OUT027 	
FDV33 	OUT035 	
DRZ24 	OUT018 	
NCL54 	OUT035 	
FDR12 	OUT049 	
NCC54 	OUT046 	
DRN59 	OUT013 	
FDX50 	OUT019 	
FDV31 	OUT027 	
NCA29 	OUT027 	
FDW60 	OUT049 	
FDX08 	OUT017 	
DRD49 	OUT013 	
FDD33 	OUT046 	
FDW35 	OUT013 	
FDJ36 	OUT017 	
FDV51 	OUT035 	
FDW36 	OUT046 	
FDH35 	OUT046 	
NCS30 	OUT027 	
FDN49 	OUT017 	
FDL08 	OUT018 	
FDI09 	OUT013 	
FDP19 	OUT018 	
FDU21 	OUT010 	
NCP41 	OUT045 	
FDY10 	OUT013 	
FDP12 	OUT018 	
NCN26 	OUT049 	
FDK44 	OUT013 	
FDC28 	OUT049 	
FDJ41 	OUT027 	
NCT29 	OUT035 	
NCH42 	OUT019 	
FDU60 	OUT018 	
FDS02 	OUT045 	
FDC51 	OUT046 	
FDU03 	OUT013 	
FDX39 	OUT045 	
NCY05 	OUT010 	
NCL06 	OUT027 	
FDD32 	OUT035 	
NCN41 	OUT045 	
NCX53 	OUT049 	
FDU57 	OUT019 	
FDQ23 	OUT046 	
FDQ52 	OUT045 	
FDC14 	OUT045 	
FDY09 	OUT035 	
FDQ28 	OUT045 	
FDV25 	OUT046 	
FDJ07 	OUT035 	
DRB25 	OUT049 	
FDK52 	OUT019 	
FDY52 	OUT027 	
FDB28 	OUT046 	
FDT36 	OUT035 	
FDV25 	OUT017 	
NCN07 	OUT027 	
FDC57 	OUT017 	
FDQ03 	OUT018 	
FDU23 	OUT017 	
NCX41 	OUT035 	
NCD06 	OUT035 	
FDW08 	OUT045 	
NCU29 	OUT017 	
NCE06 	OUT013 	
FDV52 	OUT010 	
FDB02 	OUT017 	
NCR18 	OUT045 	
FDK16 	OUT049 	
NCQ29 	OUT010 	
FDZ01 	OUT019 	
FDW27 	OUT035 	
FDD17 	OUT018 	
FDW39 	OUT013 	
DRH59 	OUT045 	
FDS52 	OUT013 	
FDU40 	OUT027 	
NCF54 	OUT013 	
FDH46 	OUT045 	
NCP14 	OUT049 	
FDH50 	OUT049 	
DRF15 	OUT010 	
FDV27 	OUT027 	
NCJ06 	OUT049 	
FDN02 	OUT018 	
FDQ51 	OUT049 	
FDQ07 	OUT017 	
FDS45 	OUT049 	
NCJ06 	OUT045 	
FDD36 	OUT035 	
FDY25 	OUT045 	
FDU52 	OUT046 	
DRK47 	OUT017 	
NCL30 	OUT017 	
FDN22 	OUT035 	
NCF30 	OUT027 	
FDK03 	OUT035 	
FDT45 	OUT017 	
NCC54 	OUT027 	
FDP08 	OUT018 	
FDU44 	OUT046 	
DRG39 	OUT035 	
FDU32 	OUT049 	
FDY27 	OUT049 	
NCP54 	OUT013 	
NCZ41 	OUT049 	
DRL49 	OUT013 	
FDI05 	OUT018 	
FDY56 	OUT045 	
DRC13 	OUT013 	
NCV29 	OUT017 	
FDR24 	OUT049 	
FDZ34 	OUT018 	
FDP37 	OUT035 	
FDX08 	OUT027 	
FDS57 	OUT045 	
NCG18 	OUT049 	
FDK25 	OUT018 	
FDH53 	OUT049 	
DRI59 	OUT018 	
FDA52 	OUT046 	
FDT20 	OUT010 	
FDE36 	OUT019 	
FDI24 	OUT017 	
FDB28 	OUT018 	
FDV11 	OUT017 	
FDP01 	OUT046 	
FDD34 	OUT027 	
FDJ50 	OUT027 	
FDZ44 	OUT013 	
DRO59 	OUT035 	
DRB48 	OUT045 	
FDR21 	OUT018 	
NCE42 	OUT010 	
FDO23 	OUT046 	
NCE30 	OUT018 	
FDQ22 	OUT035 	
FDY01 	OUT045 	
FDS08 	OUT017 	
FDG28 	OUT018 	
FDQ51 	OUT018 	
FDB05 	OUT017 	
FDO56 	OUT049 	
FDE02 	OUT018 	
FDN45 	OUT017 	
FDS09 	OUT013 	
NCA54 	OUT018 	
FDP09 	OUT010 	
FDC53 	OUT045 	
NCM55 	OUT017 	
FDL09 	OUT018 	
FDA11 	OUT019 	
FDA50 	OUT045 	
FDC23 	OUT017 	
FDE22 	OUT049 	
FDD23 	OUT046 	
NCA29 	OUT049 	
FDK38 	OUT046 	
DRC13 	OUT046 	
NCP43 	OUT049 	
FDX28 	OUT049 	
FDF08 	OUT049 	
FDZ33 	OUT046 	
FDD10 	OUT049 	
FDO58 	OUT017 	
FDI50 	OUT017 	
FDO58 	OUT045 	
FDX08 	OUT013 	
NCK17 	OUT010 	
FDF39 	OUT035 	
FDU45 	OUT010 	
NCJ18 	OUT018 	
DRC27 	OUT019 	
DRC25 	OUT035 	
FDU59 	OUT035 	
FDU28 	OUT035 	
NCP30 	OUT046 	
FDB39 	OUT018 	
FDE41 	OUT013 	
DRH11 	OUT010 	
FDA58 	OUT045 	
FDU50 	OUT046 	
FDM34 	OUT013 	
FDM44 	OUT027 	
FDR39 	OUT045 	
FDM25 	OUT045 	
FDQ49 	OUT049 	
DRH25 	OUT018 	
FDM09 	OUT027 	
FDL44 	OUT019 	
NCR42 	OUT018 	
DRL59 	OUT046 	
FDX43 	OUT013 	
DRK47 	OUT010 	
FDU48 	OUT018 	
FDY12 	OUT045 	
NCN43 	OUT018 	
NCM55 	OUT018 	
FDQ21 	OUT027 	
FDX13 	OUT035 	
NCK30 	OUT027 	
FDG20 	OUT049 	
DRG27 	OUT017 	
FDY14 	OUT018 	
FDP59 	OUT035 	
FDU60 	OUT017 	
NCC18 	OUT019 	
DRJ39 	OUT017 	
FDS07 	OUT049 	
FDM08 	OUT027 	
FDP51 	OUT045 	
FDU16 	OUT035 	
FDH12 	OUT013 	
DRE48 	OUT010 	
NCL42 	OUT027 	
FDR21 	OUT045 	
NCW29 	OUT035 	
FDO11 	OUT013 	
NCM31 	OUT049 	
FDV35 	OUT019 	
FDF58 	OUT017 	
NCE43 	OUT049 	
FDA02 	OUT035 	
DRL37 	OUT010 	
FDR24 	OUT018 	
FDW59 	OUT049 	
FDS22 	OUT049 	
FDW24 	OUT017 	
FDU24 	OUT035 	
FDA21 	OUT027 	
FDH58 	OUT027 	
FDW36 	OUT018 	
FDI45 	OUT027 	
FDU01 	OUT018 	
FDF35 	OUT027 	
FDU43 	OUT019 	
FDE24 	OUT019 	
FDK50 	OUT049 	
FDG31 	OUT045 	
FDC60 	OUT045 	
FDL36 	OUT013 	
FDP21 	OUT013 	
FDW16 	OUT045 	
FDX02 	OUT017 	
FDQ58 	OUT027 	
FDT51 	OUT046 	
FDD59 	OUT049 	
NCM42 	OUT018 	
FDA57 	OUT018 	
FDZ48 	OUT035 	
FDE46 	OUT045 	
NCZ30 	OUT019 	
FDB56 	OUT017 	
FDA25 	OUT027 	
FDD20 	OUT013 	
FDL25 	OUT013 	
NCO18 	OUT049 	
FDJ45 	OUT017 	
FDR12 	OUT035 	
NCF19 	OUT010 	
FDK25 	OUT046 	
NCR17 	OUT046 	
FDC52 	OUT046 	
NCA54 	OUT017 	
FDR45 	OUT010 	
NCM19 	OUT049 	
FDF39 	OUT027 	
FDX23 	OUT049 	
FDD58 	OUT027 	
FDX28 	OUT013 	
NCD31 	OUT013 	
FDU57 	OUT018 	
FDI27 	OUT046 	
NCM42 	OUT046 	
FDD32 	OUT027 	
FDI34 	OUT013 	
NCM29 	OUT049 	
FDG46 	OUT018 	
DRC01 	OUT010 	
FDB15 	OUT027 	
NCA17 	OUT027 	
FDF10 	OUT046 	
FDR26 	OUT027 	
FDI02 	OUT049 	
NCM54 	OUT010 	
FDF14 	OUT013 	
FDJ33 	OUT010 	
FDM20 	OUT035 	
FDC03 	OUT027 	
NCX05 	OUT046 	
NCM41 	OUT027 	
NCU29 	OUT010 	
FDQ59 	OUT017 	
FDH46 	OUT010 	
FDH09 	OUT013 	
NCD06 	OUT045 	
FDC15 	OUT035 	
DRD37 	OUT027 	
FDT28 	OUT027 	
FDR28 	OUT027 	
FDT38 	OUT017 	
FDV34 	OUT027 	
FDY52 	OUT035 	
FDB34 	OUT013 	
DRL23 	OUT018 	
DRB24 	OUT046 	
FDJ50 	OUT046 	
FDQ49 	OUT035 	
FDP20 	OUT035 	
FDV19 	OUT027 	
NCR54 	OUT045 	
FDO09 	OUT010 	
FDS57 	OUT018 	
FDN10 	OUT049 	
FDV23 	OUT049 	
FDY28 	OUT049 	
DRG51 	OUT013 	
FDD45 	OUT019 	
NCL18 	OUT027 	
NCM29 	OUT013 	
FDF17 	OUT027 	
FDE22 	OUT017 	
FDQ22 	OUT017 	
FDS01 	OUT013 	
FDW35 	OUT027 	
FDJ33 	OUT046 	
NCF54 	OUT035 	
FDE09 	OUT013 	
NCE06 	OUT045 	
DRH49 	OUT049 	
FDY43 	OUT045 	
NCT05 	OUT017 	
FDZ34 	OUT045 	
FDL38 	OUT017 	
FDZ31 	OUT017 	
FDR14 	OUT035 	
NCN54 	OUT049 	
NCC42 	OUT027 	
FDK08 	OUT017 	
FDP59 	OUT013 	
FDV22 	OUT035 	
FDD33 	OUT035 	
DRE60 	OUT027 	
FDK52 	OUT046 	
FDA02 	OUT017 	
FDM56 	OUT049 	
FDE57 	OUT035 	
FDM32 	OUT045 	
NCQ30 	OUT027 	
FDQ27 	OUT027 	
FDT60 	OUT027 	
FDU43 	OUT049 	
NCO55 	OUT035 	
FDG02 	OUT045 	
FDJ28 	OUT013 	
FDP40 	OUT045 	
FDJ38 	OUT045 	
NCC54 	OUT017 	
NCZ41 	OUT046 	
FDK38 	OUT019 	
FDU52 	OUT013 	
FDC40 	OUT046 	
NCR30 	OUT017 	
NCN18 	OUT017 	
FDB50 	OUT035 	
FDG04 	OUT013 	
FDR26 	OUT035 	
NCT17 	OUT018 	
FDX35 	OUT027 	
FDS12 	OUT046 	
NCZ29 	OUT027 	
FDB38 	OUT010 	
FDP12 	OUT013 	
FDP22 	OUT046 	
FDS26 	OUT018 	
FDR52 	OUT046 	
DRJ13 	OUT046 	
FDU48 	OUT027 	
FDE29 	OUT035 	
NCT29 	OUT049 	
DRK37 	OUT018 	
FDK55 	OUT046 	
FDR07 	OUT046 	
FDO21 	OUT027 	
FDK46 	OUT049 	
FDB12 	OUT045 	
FDT31 	OUT027 	
FDJ33 	OUT045 	
FDC26 	OUT027 	
NCQ02 	OUT045 	
FDP08 	OUT010 	
FDB11 	OUT027 	
FDV55 	OUT013 	
FDW20 	OUT049 	
NCJ18 	OUT019 	
FDC41 	OUT018 	
FDE14 	OUT027 	
FDG35 	OUT013 	
FDF45 	OUT035 	
FDS19 	OUT027 	
FDS58 	OUT019 	
FDA26 	OUT017 	
FDM32 	OUT049 	
FDL45 	OUT046 	
FDZ55 	OUT049 	
FDY37 	OUT049 	
FDO46 	OUT046 	
FDQ60 	OUT046 	
FDA19 	OUT018 	
FDL15 	OUT046 	
FDM10 	OUT018 	
NCL05 	OUT017 	
DRK49 	OUT010 	
NCE18 	OUT027 	
FDG40 	OUT049 	
DRI59 	OUT045 	
FDK28 	OUT035 	
NCD06 	OUT019 	
FDO11 	OUT019 	
FDK27 	OUT046 	
FDT43 	OUT027 	
FDD38 	OUT018 	
FDA16 	OUT049 	
FDL14 	OUT027 	
NCM17 	OUT049 	
FDD20 	OUT045 	
FDA40 	OUT045 	
FDL43 	OUT045 	
FDV15 	OUT045 	
FDE52 	OUT046 	
NCL17 	OUT010 	
NCJ31 	OUT045 	
FDR60 	OUT045 	
NCA18 	OUT035 	
FDS21 	OUT027 	
FDW09 	OUT035 	
FDL26 	OUT035 	
FDS47 	OUT018 	
FDC39 	OUT046 	
FDT51 	OUT035 	
FDK40 	OUT035 	
NCG19 	OUT045 	
FDZ07 	OUT046 	
FDF08 	OUT027 	
FDO04 	OUT013 	
FDK41 	OUT018 	
FDP15 	OUT049 	
NCD43 	OUT018 	
NCP18 	OUT013 	
FDZ51 	OUT046 	
DRH13 	OUT035 	
FDF38 	OUT045 	
NCI43 	OUT045 	
FDM38 	OUT027 	
FDS03 	OUT013 	
DRJ47 	OUT017 	
FDT50 	OUT010 	
FDV02 	OUT046 	
NCG18 	OUT017 	
FDW52 	OUT046 	
FDS40 	OUT035 	
FDN31 	OUT017 	
FDA37 	OUT045 	
FDA15 	OUT046 	
FDL39 	OUT046 	
FDJ53 	OUT045 	
FDX22 	OUT013 	
NCZ42 	OUT045 	
FDD56 	OUT027 	
FDD40 	OUT017 	
FDS50 	OUT013 	
NCN14 	OUT013 	
FDT15 	OUT013 	
NCS18 	OUT027 	
NCO26 	OUT010 	
FDF58 	OUT018 	
NCB19 	OUT013 	
FDH26 	OUT017 	
DRB24 	OUT027 	
FDA49 	OUT018 	
FDB32 	OUT045 	
FDI36 	OUT017 	
NCA17 	OUT010 	
FDH22 	OUT013 	
NCM26 	OUT018 	
FDT15 	OUT027 	
FDB16 	OUT018 	
NCP54 	OUT027 	
FDJ36 	OUT013 	
FDO28 	OUT045 	
FDU09 	OUT013 	
FDF29 	OUT017 	
FDY08 	OUT013 	
DRJ59 	OUT018 	
FDT23 	OUT027 	
FDU15 	OUT018 	
FDT47 	OUT013 	
FDI53 	OUT019 	
FDR59 	OUT018 	
FDD53 	OUT035 	
FDY51 	OUT017 	
FDT04 	OUT049 	
FDU51 	OUT049 	
FDG14 	OUT035 	
NCU06 	OUT045 	
DRG25 	OUT046 	
DRH49 	OUT035 	
FDN15 	OUT035 	
FDL43 	OUT018 	
NCT18 	OUT049 	
NCB31 	OUT013 	
FDK57 	OUT035 	
FDY04 	OUT019 	
NCP54 	OUT046 	
FDF41 	OUT013 	
FDM01 	OUT045 	
FDW03 	OUT045 	
FDF28 	OUT045 	
FDY37 	OUT017 	
FDQ03 	OUT017 	
FDP51 	OUT027 	
FDJ40 	OUT017 	
FDC32 	OUT049 	
DRI49 	OUT027 	
NCW54 	OUT017 	
FDF09 	OUT017 	
FDP45 	OUT018 	
DRJ23 	OUT018 	
FDS59 	OUT017 	
FDY08 	OUT046 	
FDX16 	OUT049 	
FDY16 	OUT018 	
FDK32 	OUT035 	
FDQ22 	OUT013 	
NCC31 	OUT018 	
FDG58 	OUT049 	
DRF48 	OUT013 	
DRH36 	OUT049 	
NCR30 	OUT035 	
FDB03 	OUT019 	
FDZ28 	OUT027 	
FDR35 	OUT017 	
DRD15 	OUT027 	
FDJ33 	OUT019 	
FDA56 	OUT010 	
FDP56 	OUT046 	
NCT30 	OUT046 	
FDK15 	OUT017 	
FDH44 	OUT018 	
FDV01 	OUT013 	
DRG03 	OUT017 	
FDG50 	OUT027 	
FDR16 	OUT010 	
FDZ60 	OUT046 	
DRG03 	OUT045 	
FDS56 	OUT018 	
FDU33 	OUT045 	
DRD27 	OUT035 	
FDW22 	OUT046 	
DRA24 	OUT045 	
FDF38 	OUT049 	
FDX48 	OUT013 	
FDS58 	OUT018 	
FDC32 	OUT046 	
NCQ29 	OUT045 	
DRK39 	OUT018 	
NCS38 	OUT017 	
DRO47 	OUT013 	
DRG27 	OUT027 	
FDC57 	OUT027 	
FDS55 	OUT046 	
NCJ06 	OUT018 	
FDO01 	OUT019 	
NCM55 	OUT045 	
FDC52 	OUT049 	
FDQ15 	OUT045 	
NCT30 	OUT027 	
NCR42 	OUT027 	
FDD28 	OUT035 	
FDQ34 	OUT049 	
FDZ12 	OUT027 	
DRE13 	OUT019 	
NCN07 	OUT019 	
FDM28 	OUT035 	
FDI10 	OUT017 	
FDQ25 	OUT013 	
FDA38 	OUT010 	
DRI13 	OUT049 	
FDY20 	OUT027 	
NCZ53 	OUT035 	
NCM31 	OUT013 	
DRB01 	OUT017 	
DRF37 	OUT046 	
NCF42 	OUT049 	
FDF16 	OUT018 	
FDB41 	OUT013 	
FDR34 	OUT013 	
FDR15 	OUT018 	
NCV42 	OUT019 	
FDW51 	OUT035 	
FDU36 	OUT017 	
FDX60 	OUT049 	
FDY03 	OUT035 	
FDW55 	OUT045 	
FDT01 	OUT010 	
FDG58 	OUT013 	
FDK21 	OUT017 	
NCS41 	OUT019 	
FDS10 	OUT045 	
NCT53 	OUT046 	
FDJ28 	OUT018 	
FDX44 	OUT045 	
FDT20 	OUT018 	
FDO44 	OUT017 	
NCX17 	OUT049 	
FDY01 	OUT017 	
FDJ12 	OUT027 	
DRK35 	OUT018 	
FDD47 	OUT019 	
NCM53 	OUT035 	
FDO45 	OUT013 	
NCM42 	OUT010 	
FDE04 	OUT046 	
NCI30 	OUT027 	
FDZ19 	OUT013 	
FDW57 	OUT013 	
FDA25 	OUT013 	
FDT22 	OUT046 	
FDP51 	OUT013 	
FDD48 	OUT027 	
FDY39 	OUT035 	
FDO48 	OUT010 	
FDD23 	OUT027 	
DRN35 	OUT027 	
FDT01 	OUT035 	
FDC20 	OUT010 	
DRJ35 	OUT035 	
FDB32 	OUT046 	
FDL24 	OUT046 	
NCV42 	OUT035 	
FDZ46 	OUT046 	
FDC15 	OUT013 	
FDD08 	OUT019 	
FDY50 	OUT049 	
FDD36 	OUT013 	
FDG57 	OUT027 	
FDL21 	OUT018 	
FDN16 	OUT027 	
FDJ09 	OUT027 	
FDS01 	OUT010 	
FDV33 	OUT017 	
DRE12 	OUT017 	
FDR07 	OUT013 	
FDP48 	OUT010 	
NCB55 	OUT035 	
FDQ08 	OUT013 	
FDR34 	OUT035 	
FDO33 	OUT046 	
FDP13 	OUT045 	
FDX12 	OUT049 	
NCT06 	OUT049 	
FDR16 	OUT019 	
FDE36 	OUT046 	
FDZ36 	OUT049 	
FDV13 	OUT045 	
NCZ17 	OUT035 	
FDU56 	OUT045 	
FDM09 	OUT035 	
FDV02 	OUT017 	
FDS34 	OUT018 	
FDA11 	OUT049 	
FDP09 	OUT017 	
FDB29 	OUT027 	
FDT19 	OUT017 	
DRH15 	OUT017 	
FDY38 	OUT046 	
FDF14 	OUT027 	
FDN48 	OUT010 	
FDQ12 	OUT013 	
NCJ43 	OUT045 	
FDE17 	OUT019 	
FDB05 	OUT035 	
FDH10 	OUT045 	
NCR06 	OUT017 	
FDU32 	OUT018 	
FDD56 	OUT049 	
FDO36 	OUT018 	
FDH16 	OUT010 	
FDX10 	OUT018 	
FDZ37 	OUT017 	
FDU31 	OUT010 	
DRC49 	OUT049 	
FDL15 	OUT045 	
FDN32 	OUT019 	
DRH59 	OUT027 	
NCU29 	OUT049 	
FDR37 	OUT019 	
FDS14 	OUT018 	
FDU02 	OUT027 	
FDJ08 	OUT035 	
NCZ06 	OUT045 	
FDO31 	OUT049 	
FDH31 	OUT018 	
FDS58 	OUT017 	
NCA53 	OUT027 	
FDF50 	OUT046 	
NCW42 	OUT049 	
NCQ17 	OUT045 	
FDK51 	OUT018 	
NCW41 	OUT010 	
NCR29 	OUT017 	
FDB08 	OUT019 	
FDA40 	OUT027 	
FDL14 	OUT018 	
FDB47 	OUT046 	
FDO03 	OUT035 	
DRK13 	OUT019 	
FDX13 	OUT010 	
FDF52 	OUT046 	
FDT11 	OUT013 	
FDB08 	OUT013 	
FDQ28 	OUT018 	
FDD29 	OUT045 	
NCQ29 	OUT027 	
NCO02 	OUT013 	
FDR56 	OUT010 	
NCM54 	OUT049 	
FDP51 	OUT035 	
FDT38 	OUT013 	
FDZ20 	OUT018 	
FDJ53 	OUT013 	
FDX13 	OUT049 	
FDP58 	OUT035 	
NCK31 	OUT019 	
FDA35 	OUT018 	
FDV37 	OUT018 	
NCO07 	OUT027 	
FDA20 	OUT045 	
FDZ59 	OUT035 	
NCY17 	OUT017 	
FDQ28 	OUT035 	
FDV35 	OUT017 	
FDQ36 	OUT013 	
FDD34 	OUT018 	
FDK51 	OUT045 	
FDV31 	OUT035 	
FDR04 	OUT035 	
FDR14 	OUT049 	
DRC36 	OUT010 	
FDE39 	OUT019 	
FDP57 	OUT049 	
FDE57 	OUT046 	
NCN18 	OUT046 	
NCQ05 	OUT018 	
FDW47 	OUT035 	
FDV46 	OUT035 	
NCP29 	OUT045 	
FDE09 	OUT018 	
NCU06 	OUT027 	
FDT19 	OUT010 	
DRF15 	OUT017 	
DRI51 	OUT013 	
NCX54 	OUT013 	
DRE01 	OUT013 	
NCB07 	OUT045 	
FDU50 	OUT035 	
FDG40 	OUT035 	
FDW10 	OUT018 	
FDX51 	OUT013 	
NCP17 	OUT045 	
FDP21 	OUT035 	
FDL04 	OUT045 	
FDV23 	OUT013 	
FDF24 	OUT046 	
FDH56 	OUT027 	
FDB51 	OUT049 	
FDI58 	OUT027 	
FDR20 	OUT013 	
FDC51 	OUT018 	
FDB16 	OUT027 	
FDE40 	OUT049 	
NCM17 	OUT035 	
FDU56 	OUT035 	
FDS32 	OUT019 	
FDX02 	OUT049 	
FDT39 	OUT027 	
FDE35 	OUT017 	
NCI42 	OUT019 	
DRL23 	OUT046 	
FDA10 	OUT046 	
FDA11 	OUT013 	
NCM06 	OUT046 	
NCT05 	OUT035 	
NCQ02 	OUT010 	
NCY06 	OUT049 	
FDY56 	OUT035 	
FDL02 	OUT035 	
NCI06 	OUT035 	
FDQ14 	OUT045 	
FDQ12 	OUT017 	
FDP36 	OUT046 	
FDK21 	OUT027 	
FDO40 	OUT045 	
NCK54 	OUT019 	
FDY09 	OUT018 	
NCW30 	OUT049 	
NCC55 	OUT027 	
FDE58 	OUT018 	
FDR39 	OUT013 	
FDU28 	OUT049 	
FDH08 	OUT017 	
FDG35 	OUT045 	
FDG22 	OUT049 	
FDC34 	OUT035 	
FDP15 	OUT018 	
FDK34 	OUT010 	
FDU45 	OUT035 	
FDQ04 	OUT027 	
FDX22 	OUT018 	
FDB45 	OUT017 	
NCH43 	OUT027 	
DRE60 	OUT046 	
FDD17 	OUT027 	
NCM54 	OUT017 	
NCH55 	OUT013 	
NCT06 	OUT017 	
FDA48 	OUT027 	
FDY58 	OUT027 	
FDO25 	OUT045 	
FDN50 	OUT045 	
FDH35 	OUT035 	
FDK09 	OUT045 	
FDO16 	OUT013 	
FDW11 	OUT045 	
FDU47 	OUT027 	
NCQ42 	OUT010 	
FDK55 	OUT027 	
FDN08 	OUT049 	
FDT57 	OUT045 	
FDJ12 	OUT018 	
DRL59 	OUT017 	
NCN53 	OUT046 	
FDO51 	OUT010 	
FDK56 	OUT017 	
FDY12 	OUT035 	
FDU15 	OUT035 	
FDQ19 	OUT046 	
DRF15 	OUT045 	
DRE25 	OUT019 	
FDK57 	OUT018 	
FDD33 	OUT010 	
FDR34 	OUT027 	
FDU04 	OUT045 	
FDE35 	OUT019 	
NCD31 	OUT035 	
FDJ56 	OUT035 	
NCU53 	OUT046 	
FDD39 	OUT035 	
NCU17 	OUT019 	
FDJ20 	OUT046 	
NCW41 	OUT018 	
FDL52 	OUT035 	
FDS39 	OUT035 	
DRJ47 	OUT045 	
FDP13 	OUT010 	
DRK39 	OUT010 	
FDF28 	OUT010 	
FDB09 	OUT045 	
FDM51 	OUT046 	
DRM49 	OUT018 	
DRF23 	OUT013 	
DRH01 	OUT035 	
FDH12 	OUT027 	
FDA28 	OUT019 	
FDW37 	OUT018 	
FDF02 	OUT046 	
DRL37 	OUT046 	
NCF43 	OUT046 	
FDH08 	OUT010 	
FDR34 	OUT019 	
NCK19 	OUT049 	
NCD55 	OUT018 	
FDT27 	OUT049 	
FDQ57 	OUT045 	
FDA47 	OUT035 	
DRG15 	OUT027 	
FDE05 	OUT018 	
FDN46 	OUT046 	
FDX27 	OUT027 	
FDT51 	OUT045 	
FDU33 	OUT013 	
FDJ16 	OUT027 	
FDD20 	OUT019 	
FDT36 	OUT049 	
DRF15 	OUT027 	
FDN52 	OUT010 	
FDC22 	OUT027 	
FDX15 	OUT045 	
FDT13 	OUT013 	
FDU04 	OUT017 	
FDU31 	OUT019 	
FDW59 	OUT027 	
NCO29 	OUT046 	
FDL15 	OUT035 	
FDI41 	OUT049 	
FDQ48 	OUT049 	
DRI39 	OUT013 	
FDI08 	OUT013 	
FDC21 	OUT049 	
FDF58 	OUT035 	
FDS08 	OUT010 	
FDE47 	OUT045 	
NCP18 	OUT019 	
NCR41 	OUT013 	
FDA27 	OUT013 	
FDA43 	OUT035 	
FDA49 	OUT045 	
NCE55 	OUT018 	
DRM49 	OUT027 	
FDF22 	OUT027 	
FDQ15 	OUT018 	
NCS54 	OUT017 	
NCY05 	OUT013 	
FDR45 	OUT046 	
FDK57 	OUT049 	
FDF41 	OUT010 	
FDV21 	OUT046 	
FDD51 	OUT046 	
FDF33 	OUT046 	
FDA38 	OUT046 	
FDR56 	OUT045 	
NCN41 	OUT017 	
FDC60 	OUT027 	
FDB47 	OUT045 	
DRH01 	OUT013 	
FDW08 	OUT046 	
FDF38 	OUT027 	
FDY32 	OUT017 	
FDG34 	OUT049 	
FDG47 	OUT019 	
NCF18 	OUT035 	
FDL39 	OUT019 	
NCH55 	OUT035 	
DRJ35 	OUT049 	
FDS44 	OUT035 	
DRE01 	OUT018 	
FDY39 	OUT013 	
FDY32 	OUT018 	
FDR33 	OUT027 	
NCP50 	OUT049 	
FDZ47 	OUT018 	
FDU57 	OUT049 	
FDY44 	OUT013 	
DRH59 	OUT018 	
FDB03 	OUT027 	
FDY46 	OUT045 	
FDM39 	OUT045 	
FDY36 	OUT035 	
NCM55 	OUT035 	
FDJ50 	OUT010 	
DRL60 	OUT013 	
NCJ54 	OUT049 	
FDX59 	OUT017 	
FDI07 	OUT013 	
DRF51 	OUT010 	
FDM14 	OUT017 	
FDP21 	OUT045 	
FDE40 	OUT035 	
FDE05 	OUT035 	
FDM13 	OUT027 	
FDC34 	OUT027 	
NCI55 	OUT018 	
NCE43 	OUT018 	
FDW58 	OUT018 	
FDG60 	OUT045 	
FDV31 	OUT017 	
FDR47 	OUT013 	
FDM60 	OUT019 	
NCF06 	OUT018 	
NCN26 	OUT027 	
FDQ59 	OUT049 	
FDF09 	OUT046 	
NCS06 	OUT017 	
FDT44 	OUT046 	
FDI19 	OUT017 	
FDT22 	OUT017 	
NCF54 	OUT027 	
DRG25 	OUT045 	
FDB59 	OUT017 	
FDQ37 	OUT017 	
FDP56 	OUT035 	
FDW44 	OUT035 	
FDJ26 	OUT010 	
FDU43 	OUT018 	
FDW33 	OUT045 	
NCX53 	OUT027 	
FDN56 	OUT010 	
DRF15 	OUT049 	
FDO33 	OUT017 	
FDZ39 	OUT010 	
NCJ19 	OUT017 	
FDU01 	OUT035 	
FDT12 	OUT035 	
NCM18 	OUT018 	
FDP19 	OUT017 	
NCR42 	OUT049 	
FDN10 	OUT046 	
FDG44 	OUT017 	
FDQ10 	OUT046 	
DRH13 	OUT049 	
FDT52 	OUT013 	
FDM56 	OUT045 	
NCO43 	OUT010 	
NCV29 	OUT035 	
NCF06 	OUT013 	
FDO50 	OUT035 	
FDT59 	OUT013 	
FDX40 	OUT027 	
FDE50 	OUT017 	
FDX51 	OUT017 	
NCD30 	OUT018 	
FDK15 	OUT013 	
FDL12 	OUT045 	
FDK46 	OUT017 	
DRH49 	OUT010 	
FDQ57 	OUT046 	
FDY59 	OUT017 	
FDO09 	OUT018 	
NCG30 	OUT035 	
FDM09 	OUT017 	
NCN17 	OUT027 	
NCS42 	OUT013 	
FDD02 	OUT019 	
FDE34 	OUT013 	
FDU38 	OUT045 	
FDB33 	OUT046 	
NCJ29 	OUT017 	
FDZ27 	OUT035 	
FDI40 	OUT013 	
FDG22 	OUT013 	
FDT51 	OUT017 	
FDF20 	OUT018 	
FDV50 	OUT035 	
FDT02 	OUT049 	
DRC49 	OUT017 	
FDF26 	OUT049 	
FDV52 	OUT035 	
FDX59 	OUT049 	
FDV25 	OUT035 	
FDW23 	OUT027 	
FDE53 	OUT018 	
FDA19 	OUT017 	
FDH22 	OUT046 	
NCO41 	OUT013 	
FDX12 	OUT017 	
FDF17 	OUT013 	
FDS11 	OUT045 	
FDR51 	OUT035 	
FDT49 	OUT010 	
FDC56 	OUT013 	
FDR13 	OUT027 	
FDQ60 	OUT035 	
FDN38 	OUT049 	
NCL29 	OUT013 	
FDO13 	OUT027 	
FDE26 	OUT018 	
FDA31 	OUT010 	
FDX14 	OUT035 	
FDA34 	OUT045 	
FDF26 	OUT013 	
FDE38 	OUT045 	
DRI11 	OUT046 	
FDQ60 	OUT027 	
FDL21 	OUT027 	
DRC12 	OUT027 	
FDC47 	OUT046 	
FDE57 	OUT045 	
FDT14 	OUT045 	
NCZ53 	OUT046 	
FDE28 	OUT018 	
FDR19 	OUT035 	
NCF54 	OUT019 	
FDZ08 	OUT046 	
NCJ05 	OUT018 	
FDF59 	OUT046 	
NCO05 	OUT035 	
FDW24 	OUT018 	
NCX42 	OUT018 	
NCA53 	OUT035 	
FDI45 	OUT019 	
FDG46 	OUT046 	
FDM20 	OUT010 	
FDW11 	OUT010 	
FDX08 	OUT035 	
NCK17 	OUT035 	
FDK32 	OUT018 	
NCA42 	OUT035 	
DRI01 	OUT035 	
NCL55 	OUT049 	
DRE25 	OUT018 	
FDD14 	OUT017 	
FDB10 	OUT046 	
DRN11 	OUT035 	
FDP38 	OUT018 	
NCA30 	OUT017 	
FDT15 	OUT017 	
NCP55 	OUT018 	
FDF12 	OUT035 	
FDM21 	OUT018 	
FDX56 	OUT035 	
FDF10 	OUT017 	
FDT32 	OUT045 	
FDM51 	OUT018 	
NCR50 	OUT018 	
FDI19 	OUT049 	
FDX21 	OUT017 	
FDR31 	OUT035 	
FDY02 	OUT013 	
NCA29 	OUT045 	
NCX17 	OUT046 	
FDM12 	OUT045 	
FDI53 	OUT027 	
NCU30 	OUT049 	
FDC56 	OUT027 	
FDK27 	OUT018 	
NCK18 	OUT017 	
FDB52 	OUT019 	
DRG25 	OUT027 	
FDZ13 	OUT049 	
FDB57 	OUT019 	
FDR40 	OUT046 	
NCO14 	OUT019 	
NCN19 	OUT045 	
FDQ28 	OUT019 	
FDO13 	OUT018 	
FDK48 	OUT013 	
FDU07 	OUT018 	
FDW20 	OUT046 	
FDV12 	OUT010 	
FDH24 	OUT013 	
FDV59 	OUT049 	
FDK57 	OUT045 	
FDL16 	OUT027 	
NCQ17 	OUT046 	
FDJ15 	OUT018 	
FDX24 	OUT049 	
FDT47 	OUT046 	
FDT10 	OUT049 	
FDZ37 	OUT018 	
FDW43 	OUT027 	
DRN36 	OUT017 	
FDJ14 	OUT045 	
FDA32 	OUT013 	
FDJ38 	OUT019 	
FDQ57 	OUT017 	
NCQ41 	OUT019 	
FDG56 	OUT049 	
DRC13 	OUT027 	
FDV55 	OUT035 	
FDQ49 	OUT045 	
FDE29 	OUT010 	
FDR03 	OUT013 	
FDD45 	OUT049 	
FDN38 	OUT010 	
FDT56 	OUT046 	
FDT48 	OUT045 	
FDU03 	OUT049 	
FDC56 	OUT010 	
NCO43 	OUT027 	
FDQ27 	OUT017 	
FDR03 	OUT046 	
DRH23 	OUT010 	
FDG22 	OUT045 	
NCJ42 	OUT013 	
FDR24 	OUT046 	
FDW60 	OUT035 	
FDJ08 	OUT013 	
DRL59 	OUT018 	
FDG60 	OUT010 	
FDW27 	OUT017 	
FDX14 	OUT018 	
FDC20 	OUT013 	
NCS29 	OUT018 	
FDJ56 	OUT046 	
FDB20 	OUT019 	
FDL28 	OUT027 	
FDW01 	OUT018 	
FDL03 	OUT046 	
FDX22 	OUT049 	
FDJ21 	OUT035 	
FDR31 	OUT045 	
FDG21 	OUT035 	
FDS22 	OUT027 	
FDK08 	OUT035 	
FDE17 	OUT018 	
NCN30 	OUT017 	
FDT50 	OUT046 	
NCX42 	OUT049 	
FDJ12 	OUT035 	
NCA18 	OUT027 	
FDP23 	OUT019 	
FDX12 	OUT013 	
FDN40 	OUT018 	
FDV48 	OUT035 	
NCY54 	OUT013 	
FDL16 	OUT010 	
FDR45 	OUT018 	
FDJ52 	OUT046 	
DRG01 	OUT017 	
FDP52 	OUT013 	
FDU58 	OUT017 	
FDL02 	OUT045 	
FDG28 	OUT013 	
FDA19 	OUT035 	
FDW46 	OUT027 	
NCD43 	OUT049 	
DRG39 	OUT013 	
NCF55 	OUT049 	
FDJ07 	OUT046 	
FDE08 	OUT046 	
FDP56 	OUT019 	
FDT45 	OUT045 	
FDF17 	OUT018 	
FDX44 	OUT046 	
FDM28 	OUT027 	
FDI36 	OUT049 	
FDS07 	OUT045 	
FDD36 	OUT045 	
FDW11 	OUT046 	
FDN40 	OUT049 	
NCQ18 	OUT049 	
NCQ54 	OUT017 	
NCS42 	OUT045 	
DRH39 	OUT010 	
FDC09 	OUT027 	
FDT08 	OUT010 	
FDC08 	OUT035 	
FDT20 	OUT017 	
FDS35 	OUT035 	
FDX58 	OUT018 	
FDW58 	OUT046 	
DRD27 	OUT046 	
FDH32 	OUT019 	
FDS26 	OUT035 	
FDQ31 	OUT046 	
FDP11 	OUT018 	
FDD58 	OUT017 	
FDM33 	OUT045 	
FDZ16 	OUT049 	
NCS29 	OUT010 	
NCM18 	OUT019 	
FDP11 	OUT049 	
NCC42 	OUT017 	
DRM23 	OUT046 	
NCN55 	OUT027 	
FDK46 	OUT013 	
FDR01 	OUT046 	
NCA05 	OUT045 	
NCP43 	OUT017 	
FDR12 	OUT010 	
FDQ01 	OUT013 	
FDM13 	OUT046 	
FDQ19 	OUT017 	
FDK56 	OUT019 	
NCX06 	OUT010 	
FDO56 	OUT027 	
FDU45 	OUT045 	
FDI16 	OUT019 	
FDL32 	OUT046 	
FDA07 	OUT046 	
FDA14 	OUT045 	
FDV46 	OUT027 	
NCO07 	OUT035 	
NCP41 	OUT046 	
FDY60 	OUT018 	
FDN38 	OUT017 	
FDO15 	OUT046 	
FDT60 	OUT013 	
FDA55 	OUT035 	
FDE02 	OUT010 	
DRJ39 	OUT049 	
FDV34 	OUT035 	
FDS20 	OUT027 	
FDF02 	OUT027 	
FDW40 	OUT017 	
NCB43 	OUT046 	
FDR58 	OUT017 	
DRJ59 	OUT035 	
NCD30 	OUT017 	
FDE14 	OUT017 	
FDC28 	OUT018 	
FDU16 	OUT018 	
NCD19 	OUT035 	
FDU21 	OUT046 	
FDV59 	OUT027 	
FDU03 	OUT045 	
FDC33 	OUT010 	
NCR42 	OUT035 	
DRH59 	OUT035 	
NCM31 	OUT035 	
FDS50 	OUT035 	
FDP39 	OUT046 	
FDQ55 	OUT013 	
FDV36 	OUT019 	
FDI05 	OUT027 	
FDS45 	OUT027 	
FDA39 	OUT045 	
FDC37 	OUT010 	
FDJ60 	OUT027 	
DRQ35 	OUT046 	
NCJ06 	OUT046 	
NCY42 	OUT018 	
DRM37 	OUT049 	
FDR14 	OUT045 	
FDE51 	OUT049 	
FDT33 	OUT017 	
FDR08 	OUT013 	
FDE36 	OUT010 	
FDL22 	OUT019 	
FDR44 	OUT013 	
FDI56 	OUT019 	
FDE47 	OUT010 	
FDV27 	OUT010 	
FDV10 	OUT049 	
FDC40 	OUT045 	
NCX41 	OUT013 	
NCQ38 	OUT027 	
FDV12 	OUT027 	
FDE52 	OUT017 	
FDG20 	OUT027 	
FDV16 	OUT027 	
FDI32 	OUT017 	
FDJ32 	OUT049 	
FDN39 	OUT018 	
FDY34 	OUT017 	
FDC14 	OUT035 	
FDA55 	OUT017 	
FDZ50 	OUT010 	
DRG13 	OUT049 	
FDP01 	OUT013 	
NCG54 	OUT017 	
FDM13 	OUT045 	
NCO18 	OUT027 	
NCW41 	OUT013 	
FDM52 	OUT027 	
NCF55 	OUT035 	
FDT09 	OUT046 	
NCM19 	OUT035 	
FDW12 	OUT018 	
FDP15 	OUT019 	
FDK36 	OUT045 	
FDZ25 	OUT035 	
NCW06 	OUT049 	
FDW60 	OUT046 	
DRC49 	OUT013 	
NCT17 	OUT035 	
NCN06 	OUT018 	
FDC45 	OUT013 	
DRJ47 	OUT019 	
NCF06 	OUT045 	
FDE21 	OUT010 	
DRG27 	OUT013 	
FDW40 	OUT049 	
NCO53 	OUT046 	
FDE23 	OUT049 	
FDQ16 	OUT046 	
FDS26 	OUT045 	
FDZ13 	OUT010 	
FDS14 	OUT049 	
FDC10 	OUT045 	
FDY16 	OUT049 	
FDJ20 	OUT035 	
FDV43 	OUT035 	
FDZ32 	OUT027 	
FDR23 	OUT046 	
FDN24 	OUT035 	
FDE34 	OUT027 	
FDU31 	OUT013 	
FDW33 	OUT018 	
FDU26 	OUT046 	
FDE20 	OUT027 	
NCW05 	OUT035 	
FDB22 	OUT018 	
FDO56 	OUT046 	
FDA19 	OUT027 	
DRI39 	OUT045 	
FDH52 	OUT018 	
FDZ50 	OUT035 	
NCN42 	OUT035 	
FDB53 	OUT013 	
DRG11 	OUT017 	
DRK11 	OUT027 	
FDQ60 	OUT017 	
FDT36 	OUT017 	
DRG25 	OUT018 	
DRJ23 	OUT046 	
FDG05 	OUT035 	
NCK06 	OUT018 	
FDU52 	OUT017 	
FDW07 	OUT018 	
NCM17 	OUT045 	
FDA22 	OUT045 	
NCA41 	OUT018 	
FDF38 	OUT035 	
FDH52 	OUT046 	
FDY58 	OUT019 	
FDZ16 	OUT045 	
NCM18 	OUT017 	
FDA22 	OUT018 	
NCJ43 	OUT035 	
FDI34 	OUT027 	
FDG56 	OUT046 	
FDS34 	OUT046 	
DRC01 	OUT035 	
FDQ04 	OUT035 	
FDK04 	OUT035 	
FDT51 	OUT049 	
FDV26 	OUT017 	
FDS04 	OUT049 	
FDW43 	OUT018 	
FDQ28 	OUT010 	
NCK06 	OUT017 	
FDS23 	OUT018 	
FDZ36 	OUT019 	
FDE56 	OUT018 	
FDW10 	OUT027 	
NCN14 	OUT045 	
NCQ18 	OUT045 	
FDW08 	OUT017 	
FDU43 	OUT035 	
FDR33 	OUT010 	
FDM24 	OUT010 	
NCZ05 	OUT046 	
NCV41 	OUT035 	
FDV11 	OUT018 	
NCY05 	OUT035 	
FDV44 	OUT018 	
FDW32 	OUT049 	
NCU18 	OUT027 	
NCC43 	OUT035 	
FDW19 	OUT013 	
FDN31 	OUT035 	
FDI48 	OUT045 	
FDS24 	OUT017 	
FDF46 	OUT049 	
DRG23 	OUT017 	
FDG14 	OUT018 	
NCY30 	OUT049 	
FDO28 	OUT018 	
DRD24 	OUT035 	
FDI33 	OUT049 	
FDN32 	OUT046 	
FDR16 	OUT045 	
FDF26 	OUT046 	
NCN29 	OUT018 	
FDE20 	OUT045 	
FDA46 	OUT046 	
FDU28 	OUT045 	
FDQ48 	OUT045 	
FDV36 	OUT013 	
FDR14 	OUT018 	
FDP23 	OUT017 	
FDP56 	OUT013 	
FDK48 	OUT010 	
FDR48 	OUT046 	
NCY29 	OUT049 	
FDM22 	OUT018 	
DRJ01 	OUT013 	
FDZ43 	OUT045 	
FDV03 	OUT035 	
FDX11 	OUT027 	
NCA41 	OUT027 	
FDE38 	OUT017 	
FDI27 	OUT018 	
FDN32 	OUT013 	
NCN43 	OUT017 	
FDB47 	OUT027 	
FDV03 	OUT017 	
NCN30 	OUT045 	
NCV54 	OUT010 	
FDV07 	OUT013 	
FDP07 	OUT049 	
FDK48 	OUT018 	
FDM15 	OUT019 	
FDY19 	OUT027 	
FDK46 	OUT046 	
FDY11 	OUT045 	
FDH09 	OUT046 	
FDO08 	OUT027 	
FDU14 	OUT013 	
FDD22 	OUT027 	
FDM27 	OUT017 	
FDL02 	OUT027 	
NCA17 	OUT035 	
FDE38 	OUT019 	
NCG07 	OUT049 	
DRC27 	OUT013 	
FDA27 	OUT035 	
FDW40 	OUT045 	
DRI11 	OUT013 	
FDN50 	OUT046 	
FDR12 	OUT046 	
FDT34 	OUT027 	
FDW11 	OUT035 	
NCO30 	OUT027 	
FDZ34 	OUT017 	
FDU45 	OUT017 	
NCD42 	OUT035 	
FDX25 	OUT045 	
NCR29 	OUT046 	
FDX43 	OUT019 	
FDB04 	OUT010 	
FDR49 	OUT027 	
FDS39 	OUT018 	
FDW58 	OUT045 	
FDG22 	OUT019 	
FDG31 	OUT017 	
NCV53 	OUT027 	
DRJ37 	OUT035 	
FDV07 	OUT035 	
FDW52 	OUT018 	
FDT15 	OUT045 	
FDD02 	OUT018 	
FDM16 	OUT035 	
NCE55 	OUT046 	
FDB57 	OUT018 	
FDQ04 	OUT013 	
FDQ47 	OUT019 	
FDY14 	OUT019 	
DRK37 	OUT017 	
FDO25 	OUT017 	
FDL57 	OUT046 	
NCK29 	OUT018 	
FDK46 	OUT027 	
NCB43 	OUT010 	
DRE01 	OUT027 	
FDC46 	OUT018 	
FDQ23 	OUT045 	
FDX38 	OUT049 	
FDG60 	OUT018 	
FDW55 	OUT017 	
FDP39 	OUT013 	
FDB20 	OUT018 	
FDV21 	OUT017 	
FDZ02 	OUT013 	
FDP19 	OUT027 	
FDA38 	OUT035 	
FDH22 	OUT045 	
DRM11 	OUT045 	
FDO12 	OUT027 	
FDT14 	OUT049 	
FDW34 	OUT010 	
FDG04 	OUT027 	
FDW59 	OUT018 	
FDR33 	OUT018 	
FDP32 	OUT013 	
FDL13 	OUT027 	
FDD22 	OUT013 	
FDV40 	OUT027 	
NCD55 	OUT046 	
FDQ20 	OUT010 	
FDD28 	OUT045 	
FDC39 	OUT045 	
NCR17 	OUT049 	
DRO35 	OUT018 	
FDF40 	OUT049 	
FDR31 	OUT018 	
NCQ41 	OUT017 	
FDP38 	OUT046 	
NCU54 	OUT027 	
FDG22 	OUT018 	
DRK59 	OUT013 	
FDC37 	OUT046 	
NCO42 	OUT013 	
NCT42 	OUT017 	
FDX27 	OUT035 	
FDV40 	OUT018 	
FDT45 	OUT027 	
FDS47 	OUT019 	
FDR45 	OUT035 	
FDB03 	OUT045 	
FDO49 	OUT035 	
FDU60 	OUT027 	
FDB26 	OUT018 	
FDB46 	OUT017 	
FDQ37 	OUT019 	
FDN03 	OUT017 	
NCX30 	OUT045 	
FDK32 	OUT019 	
DRM47 	OUT013 	
NCO02 	OUT046 	
FDP04 	OUT013 	
NCO43 	OUT049 	
FDD59 	OUT013 	
FDQ10 	OUT017 	
FDW45 	OUT035 	
NCK30 	OUT049 	
FDU31 	OUT018 	
NCQ17 	OUT019 	
FDN01 	OUT017 	
FDZ19 	OUT049 	
